decade,mean_c,std_c
1960,0.020403454234315995,0.2430795015221561
1970,0.23072754108491597,0.27286343688892284
1980,0.41217687668950903,0.27954746633853045
1990,0.624222905793654,0.3168981816453479
2000,0.8260369245913,0.32371912440358425
2010,0.9903794576307843,0.3730391669768394
2020,1.178799683545569,0.36864050299321677
